"NAM","NEN","NWN","WNA","CNA","ENA","NCA","SCA"
"CNRM-ESM2-1","CNRM-ESM2-1","CNRM-ESM2-1","MRI-ESM2-0","MRI-ESM2-0","GISS-E2-1-G","GISS-E2-1-G","CNRM-ESM2-1"
"MPI-ESM1-2-HR","EC-Earth3","EC-Earth3","MPI-ESM1-2-HR","MPI-ESM1-2-HR","GFDL-ESM4","EC-Earth3","ACCESS-ESM1-5"
"EC-Earth3","MPI-ESM1-2-HR","ACCESS-ESM1-5","GISS-E2-1-G","CNRM-ESM2-1","MRI-ESM2-0","MRI-ESM2-0","GFDL-ESM4"
"MRI-ESM2-0","MRI-ESM2-0","MPI-ESM1-2-HR","MIROC6","MIROC6","ACCESS-ESM1-5","MIROC6","MPI-ESM1-2-HR"
"ACCESS-ESM1-5","ACCESS-ESM1-5","MIROC6","CNRM-ESM2-1","EC-Earth3","CNRM-ESM2-1","GFDL-ESM4","MIROC6"
"GISS-E2-1-G","GISS-E2-1-G","GISS-E2-1-G","EC-Earth3","GFDL-ESM4","EC-Earth3","CNRM-ESM2-1","EC-Earth3"
"MIROC6","GFDL-ESM4","MRI-ESM2-0","GFDL-ESM4","GISS-E2-1-G","MPI-ESM1-2-HR","ACCESS-ESM1-5","GISS-E2-1-G"
"GFDL-ESM4","MIROC6","GFDL-ESM4","ACCESS-ESM1-5","ACCESS-ESM1-5","MIROC6","MPI-ESM1-2-HR","MRI-ESM2-0"
"UKESM1-0-LL","UKESM1-0-LL","UKESM1-0-LL","UKESM1-0-LL","UKESM1-0-LL","UKESM1-0-LL","UKESM1-0-LL","UKESM1-0-LL"
"IPSL-CM6A-LR","IPSL-CM6A-LR","IPSL-CM6A-LR","IPSL-CM6A-LR","IPSL-CM6A-LR","IPSL-CM6A-LR","IPSL-CM6A-LR","IPSL-CM6A-LR"
"BCC-CSM2-MR","BCC-CSM2-MR","BCC-CSM2-MR","BCC-CSM2-MR","BCC-CSM2-MR","BCC-CSM2-MR","BCC-CSM2-MR","BCC-CSM2-MR"
"INM-CM5-0","INM-CM5-0","INM-CM5-0","INM-CM5-0","INM-CM5-0","INM-CM5-0","INM-CM5-0","INM-CM5-0"
"CanESM5","CanESM5","CanESM5","CanESM5","CanESM5","CanESM5","CanESM5","CanESM5"
