"NAM","NEN","NWN","WNA","CNA","ENA","NCA","SCA"
"CNRM-ESM2-1","CNRM-ESM2-1","CNRM-ESM2-1","MRI-ESM2-0","ACCESS-ESM1-5","EC-Earth3","MRI-ESM2-0","CNRM-ESM2-1"
"UKESM1-0-LL","UKESM1-0-LL","UKESM1-0-LL","UKESM1-0-LL","UKESM1-0-LL","UKESM1-0-LL","UKESM1-0-LL","UKESM1-0-LL"
"MPI-ESM1-2-HR","EC-Earth3","MPI-ESM1-2-HR","MPI-ESM1-2-HR","MPI-ESM1-2-HR","MPI-ESM1-2-HR","GFDL-ESM4","GFDL-ESM4"
"MRI-ESM2-0","MPI-ESM1-2-HR","EC-Earth3","GISS-E2-1-G","CNRM-ESM2-1","MRI-ESM2-0","MIROC6","ACCESS-ESM1-5"
"EC-Earth3","MRI-ESM2-0","ACCESS-ESM1-5","MIROC6","MIROC6","MIROC6","EC-Earth3","MPI-ESM1-2-HR"
"MIROC6","ACCESS-ESM1-5","MRI-ESM2-0","CNRM-ESM2-1","GISS-E2-1-G","GFDL-ESM4","MPI-ESM1-2-HR","MIROC6"
"ACCESS-ESM1-5","GFDL-ESM4","MIROC6","GFDL-ESM4","EC-Earth3","ACCESS-ESM1-5","CNRM-ESM2-1","EC-Earth3"
"GISS-E2-1-G","GISS-E2-1-G","GISS-E2-1-G","EC-Earth3","GFDL-ESM4","GISS-E2-1-G","ACCESS-ESM1-5","GISS-E2-1-G"
"GFDL-ESM4","MIROC6","GFDL-ESM4","ACCESS-ESM1-5","MRI-ESM2-0","CNRM-ESM2-1","GISS-E2-1-G","MRI-ESM2-0"
"IPSL-CM6A-LR","IPSL-CM6A-LR","IPSL-CM6A-LR","IPSL-CM6A-LR","IPSL-CM6A-LR","IPSL-CM6A-LR","IPSL-CM6A-LR","IPSL-CM6A-LR"
"BCC-CSM2-MR","BCC-CSM2-MR","BCC-CSM2-MR","BCC-CSM2-MR","BCC-CSM2-MR","BCC-CSM2-MR","BCC-CSM2-MR","BCC-CSM2-MR"
"INM-CM5-0","INM-CM5-0","INM-CM5-0","INM-CM5-0","INM-CM5-0","INM-CM5-0","INM-CM5-0","INM-CM5-0"
"CanESM5","CanESM5","CanESM5","CanESM5","CanESM5","CanESM5","CanESM5","CanESM5"
