<metadata xml:lang="fr"><Esri><CreaDate>20210513</CreaDate><CreaTime>11580400</CreaTime><ArcGISFormat>1.0</ArcGISFormat><SyncOnce>FALSE</SyncOnce><DataProperties><itemProps><itemName Sync="TRUE">silva21regions1</itemName><imsContentType Sync="TRUE">002</imsContentType><itemLocation><linkage Sync="TRUE">file://\\FRST-IRSStor\Root\ByUser\Mike_B\CMIP6 App\silva21regions1.shp</linkage><protocol Sync="TRUE">Local Area Network</protocol></itemLocation><itemSize Sync="TRUE">0.000</itemSize></itemProps><coordRef><type Sync="TRUE">Projected</type><geogcsn Sync="TRUE">GCS_WGS_1984</geogcsn><csUnits Sync="TRUE">Linear Unit: Meter (1.000000)</csUnits><projcsn Sync="TRUE">WGS_1984_Web_Mercator_Auxiliary_Sphere</projcsn><peXml Sync="TRUE">&lt;ProjectedCoordinateSystem xsi:type='typens:ProjectedCoordinateSystem' xmlns:xsi='http://www.w3.org/2001/XMLSchema-instance' xmlns:xs='http://www.w3.org/2001/XMLSchema' xmlns:typens='http://www.esri.com/schemas/ArcGIS/2.7.0'&gt;&lt;WKT&gt;PROJCS[&amp;quot;WGS_1984_Web_Mercator_Auxiliary_Sphere&amp;quot;,GEOGCS[&amp;quot;GCS_WGS_1984&amp;quot;,DATUM[&amp;quot;D_WGS_1984&amp;quot;,SPHEROID[&amp;quot;WGS_1984&amp;quot;,6378137.0,298.257223563]],PRIMEM[&amp;quot;Greenwich&amp;quot;,0.0],UNIT[&amp;quot;Degree&amp;quot;,0.0174532925199433]],PROJECTION[&amp;quot;Mercator_Auxiliary_Sphere&amp;quot;],PARAMETER[&amp;quot;False_Easting&amp;quot;,0.0],PARAMETER[&amp;quot;False_Northing&amp;quot;,0.0],PARAMETER[&amp;quot;Central_Meridian&amp;quot;,0.0],PARAMETER[&amp;quot;Standard_Parallel_1&amp;quot;,0.0],PARAMETER[&amp;quot;Auxiliary_Sphere_Type&amp;quot;,0.0],UNIT[&amp;quot;Meter&amp;quot;,1.0],AUTHORITY[&amp;quot;EPSG&amp;quot;,3857]]&lt;/WKT&gt;&lt;XOrigin&gt;-20037700&lt;/XOrigin&gt;&lt;YOrigin&gt;-30241100&lt;/YOrigin&gt;&lt;XYScale&gt;148923141.92838538&lt;/XYScale&gt;&lt;ZOrigin&gt;-100000&lt;/ZOrigin&gt;&lt;ZScale&gt;10000&lt;/ZScale&gt;&lt;MOrigin&gt;-100000&lt;/MOrigin&gt;&lt;MScale&gt;10000&lt;/MScale&gt;&lt;XYTolerance&gt;0.001&lt;/XYTolerance&gt;&lt;ZTolerance&gt;0.001&lt;/ZTolerance&gt;&lt;MTolerance&gt;0.001&lt;/MTolerance&gt;&lt;HighPrecision&gt;true&lt;/HighPrecision&gt;&lt;WKID&gt;102100&lt;/WKID&gt;&lt;LatestWKID&gt;3857&lt;/LatestWKID&gt;&lt;/ProjectedCoordinateSystem&gt;</peXml></coordRef><lineage><Process ToolSource="c:\program files (x86)\arcgis\desktop10.4\ArcToolbox\Toolboxes\Conversion Tools.tbx\FeatureClassToFeatureClass" Date="20210503" Time="105253">FeatureClassToFeatureClass DDE_STF_20K_UA_VUE_S C:\MrnMicro\Temp\APG\Vectoriel\7467819\d6b891ed-c4e7-4bb5-a490-cdd6ec9b729b.gdb DDE_STF_20K_UA_VUE_S # "TERRITOIRE "TERRITOIRE" true true false 6 Text 0 0 ,First,#,DDE_STF_20K_UA_VUE_S,TERRITOIRE,-1,-1;NO_UG_RESP "NO_UG_RESP" true true false 3 Text 0 0 ,First,#,DDE_STF_20K_UA_VUE_S,NO_UG_RESP,-1,-1;NO_RGA "NO_RGA" true true false 2 Text 0 0 ,First,#,DDE_STF_20K_UA_VUE_S,NO_RGA,-1,-1;SUP_FO_PRD "SUP_FO_PRD" true true false 8 Double 1 9 ,First,#,DDE_STF_20K_UA_VUE_S,SUP_FO_PRD,-1,-1;SUP_PRD_UA "SUP_PRD_UA" true true false 8 Double 1 9 ,First,#,DDE_STF_20K_UA_VUE_S,SUP_PRD_UA,-1,-1;SUP_TOT_UA "SUP_TOT_UA" true true false 8 Double 10 38 ,First,#,DDE_STF_20K_UA_VUE_S,SUP_TOT_UA,-1,-1;SUPERFICIE "SUPERFICIE" true true false 8 Double 1 9 ,First,#,DDE_STF_20K_UA_VUE_S,SUPERFICIE,-1,-1;DATE_PUBLI "DATE_PUBLI" true true false 8 Date 0 0 ,First,#,DDE_STF_20K_UA_VUE_S,DATE_PUBLI,-1,-1;SHAPE_AREA "SHAPE_AREA" false true true 0 Double 0 0 ,First,#,DDE_STF_20K_UA_VUE_S,SHAPE.AREA,-1,-1;SHAPE_LEN "SHAPE_LEN" false true true 0 Double 0 0 ,First,#,DDE_STF_20K_UA_VUE_S,SHAPE.LEN,-1,-1" #</Process><Process ToolSource="c:\program files (x86)\arcgis\desktop10.4\ArcToolbox\Toolboxes\Data Management Tools.tbx\Project" Date="20210503" Time="105257">Project C:\Mrnmicro\Temp\APG\Vectoriel\7467819\d6b891ed-c4e7-4bb5-a490-cdd6ec9b729b.gdb\DDE_STF_20K_UA_VUE_S C:\MrnMicro\Temp\APG\Vectoriel\7467819\d6b891ed-c4e7-4bb5-a490-cdd6ec9b729b.gdb\DDE_STF_20K_UA_VUE_S_PROJETE "PROJCS['NAD_1983_Quebec_Lambert',GEOGCS['GCS_North_American_1983',DATUM['D_North_American_1983',SPHEROID['GRS_1980',6378137.0,298.257222101]],PRIMEM['Greenwich',0.0],UNIT['Degree',0.0174532925199433]],PROJECTION['Lambert_Conformal_Conic'],PARAMETER['False_Easting',0.0],PARAMETER['False_Northing',0.0],PARAMETER['Central_Meridian',-68.5],PARAMETER['Standard_Parallel_1',46.0],PARAMETER['Standard_Parallel_2',60.0],PARAMETER['Latitude_Of_Origin',44.0],UNIT['Meter',1.0]];-35683500 -29917500 999,999952502551;-100000 10000;-100000 10000;2,0000000949949E-03;0,001;0,001;IsHighPrecision" # PROJCS['NAD_1983_Quebec_Lambert',GEOGCS['GCS_North_American_1983',DATUM['D_North_American_1983',SPHEROID['GRS_1980',6378137.0,298.257222101]],PRIMEM['Greenwich',0.0],UNIT['Degree',0.0174532925199433]],PROJECTION['Lambert_Conformal_Conic'],PARAMETER['False_Easting',0.0],PARAMETER['False_Northing',0.0],PARAMETER['Central_Meridian',-68.5],PARAMETER['Standard_Parallel_1',46.0],PARAMETER['Standard_Parallel_2',60.0],PARAMETER['Latitude_Of_Origin',44.0],UNIT['Meter',1.0]] NO_PRESERVE_SHAPE # NO_VERTICAL</Process><Process ToolSource="c:\program files (x86)\arcgis\desktop10.4\ArcToolbox\Toolboxes\Data Management Tools.tbx\CopyFeatures" Date="20210503" Time="105313">CopyFeatures C:\Mrnmicro\Temp\APG\Vectoriel\7467819\d6b891ed-c4e7-4bb5-a490-cdd6ec9b729b.gdb\DDE_STF_20K_UA_VUE_S \\Vulcain\RAIGEOP\Depot_Dde\Catalogue_du_systeme_DDE\Couches_de_donnees\Subdivision_territoriale_forestiere_STF\UNITE_AMENAGEMENT_S\FGDB_CCL\UA_PROV\UA_PROV.gdb\DDE_STF_20K_UA_VUE_S # 0 0 0</Process><Process ToolSource="c:\program files\arcgis\pro\Resources\ArcToolbox\toolboxes\Conversion Tools.tbx\FeatureClassToFeatureClass" Date="20210615" Time="160458">FeatureClassToFeatureClass UNITE_AMENAGEMENT C:\Users\rapha\Desktop\Claude 02471.shp # "OBJECTID "OBJECTID" true true false 10 Long 0 10,First,#,UNITE_AMENAGEMENT,OBJECTID,-1,-1;TERRITOIRE "TERRITOIRE" true true false 6 Text 0 0,First,#,UNITE_AMENAGEMENT,TERRITOIRE,0,6;NO_UG_RESP "NO_UG_RESP" true true false 3 Text 0 0,First,#,UNITE_AMENAGEMENT,NO_UG_RESP,0,3;SUP_FO_PRD "SUP_FO_PRD" true true false 19 Double 0 0,First,#,UNITE_AMENAGEMENT,SUP_FO_PRD,-1,-1;SUP_PRD_UA "SUP_PRD_UA" true true false 19 Double 0 0,First,#,UNITE_AMENAGEMENT,SUP_PRD_UA,-1,-1;SUP_TOT_UA "SUP_TOT_UA" true true false 19 Double 0 0,First,#,UNITE_AMENAGEMENT,SUP_TOT_UA,-1,-1;SUPERFICIE "SUPERFICIE" true true false 19 Double 0 0,First,#,UNITE_AMENAGEMENT,SUPERFICIE,-1,-1;DATE_PUBLI "DATE_PUBLI" true true false 8 Date 0 0,First,#,UNITE_AMENAGEMENT,DATE_PUBLI,-1,-1;Shape_Leng "Shape_Leng" true true false 19 Double 0 0,First,#,UNITE_AMENAGEMENT,Shape_Leng,-1,-1;Shape_Area "Shape_Area" true true false 19 Double 0 0,First,#,UNITE_AMENAGEMENT,Shape_Area,-1,-1" #</Process><Process ToolSource="c:\program files\arcgis\pro\Resources\ArcToolbox\toolboxes\Conversion Tools.tbx\FeatureClassToFeatureClass" Date="20210818" Time="110214">FeatureClassToFeatureClass 02471 "D:\Shapefiles\Lac St. Jean" LSJ_boundary.shp # "OBJECTID "OBJECTID" true true false 10 Long 0 10,First,#,02471,OBJECTID,-1,-1;TERRITOIRE "TERRITOIRE" true true false 6 Text 0 0,First,#,02471,TERRITOIRE,0,6;NO_UG_RESP "NO_UG_RESP" true true false 3 Text 0 0,First,#,02471,NO_UG_RESP,0,3;SUP_FO_PRD "SUP_FO_PRD" true true false 19 Double 0 0,First,#,02471,SUP_FO_PRD,-1,-1;SUP_PRD_UA "SUP_PRD_UA" true true false 19 Double 0 0,First,#,02471,SUP_PRD_UA,-1,-1;SUP_TOT_UA "SUP_TOT_UA" true true false 19 Double 0 0,First,#,02471,SUP_TOT_UA,-1,-1;SUPERFICIE "SUPERFICIE" true true false 19 Double 0 0,First,#,02471,SUPERFICIE,-1,-1;DATE_PUBLI "DATE_PUBLI" true true false 8 Date 0 0,First,#,02471,DATE_PUBLI,-1,-1;Shape_Leng "Shape_Leng" true true false 19 Double 0 0,First,#,02471,Shape_Leng,-1,-1;Shape_Area "Shape_Area" true true false 19 Double 0 0,First,#,02471,Shape_Area,-1,-1" #</Process><Process ToolSource="c:\program files\arcgis\pro\Resources\ArcToolbox\toolboxes\Data Management Tools.tbx\Dissolve" Date="20210915" Time="105729">Dissolve LSJ_boundary C:\Users\mdmbur19\Documents\ArcGIS\Projects\MyProject2\MyProject2.gdb\LSJ_Dissolve SUP_TOT_UA # MULTI_PART DISSOLVE_LINES</Process><Process ToolSource="c:\program files\arcgis\pro\Resources\ArcToolbox\toolboxes\Data Management Tools.tbx\Merge" Date="20210915" Time="110031">Merge LSJ_Dissolve;PRF_Dissolve;Estrie_Dissolve;RMF_bdy;Haliburton_Boundary;BlackBrook_boundary;quesnel_tsa_bdy "Y:\ByUser\Mike_B\CMIP6 App\silva21regions.shp" "Shape_Leng "Shape_Length" false true true 8 Double 0 0,First,#,LSJ_Dissolve,Shape_Length,-1,-1,PRF_Dissolve,Shape_Length,-1,-1,Estrie_Dissolve,Shape_Length,-1,-1;Shape_Area "Shape_Area" false true true 8 Double 0 0,First,#,LSJ_Dissolve,Shape_Area,-1,-1,PRF_Dissolve,Shape_Area,-1,-1,Estrie_Dissolve,Shape_Area,-1,-1" NO_SOURCE_INFO</Process><Process ToolSource="c:\program files\arcgis\pro\Resources\ArcToolbox\toolboxes\Data Management Tools.tbx\UpdateSchema" Date="20210915" Time="110137">UpdateSchema "CIMDATA=&lt;CIMStandardDataConnection xsi:type='typens:CIMStandardDataConnection' xmlns:xsi='http://www.w3.org/2001/XMLSchema-instance' xmlns:xs='http://www.w3.org/2001/XMLSchema' xmlns:typens='http://www.esri.com/schemas/ArcGIS/2.7.0'&gt;&lt;WorkspaceConnectionString&gt;DATABASE=Y:\ByUser\Mike_B\CMIP6 App&lt;/WorkspaceConnectionString&gt;&lt;WorkspaceFactory&gt;Shapefile&lt;/WorkspaceFactory&gt;&lt;Dataset&gt;silva21regions&lt;/Dataset&gt;&lt;DatasetType&gt;esriDTFeatureClass&lt;/DatasetType&gt;&lt;/CIMStandardDataConnection&gt;" &lt;operationSequence&gt;&lt;workflow&gt;&lt;AddField&gt;&lt;field_name&gt;Hub_Site&lt;/field_name&gt;&lt;field_type&gt;TEXT&lt;/field_type&gt;&lt;field_length&gt;255&lt;/field_length&gt;&lt;field_is_nullable&gt;False&lt;/field_is_nullable&gt;&lt;field_is_required&gt;False&lt;/field_is_required&gt;&lt;/AddField&gt;&lt;/workflow&gt;&lt;workflow&gt;&lt;AddField&gt;&lt;field_name&gt;Acronym&lt;/field_name&gt;&lt;field_type&gt;TEXT&lt;/field_type&gt;&lt;field_length&gt;255&lt;/field_length&gt;&lt;field_is_nullable&gt;False&lt;/field_is_nullable&gt;&lt;field_is_required&gt;False&lt;/field_is_required&gt;&lt;/AddField&gt;&lt;/workflow&gt;&lt;/operationSequence&gt;</Process><Process ToolSource="c:\program files\arcgis\pro\Resources\ArcToolbox\toolboxes\Data Management Tools.tbx\Merge" Date="20210915" Time="111740">Merge silva21regions;quesnel_tsa_bdy "Y:\ByUser\Mike_B\CMIP6 App\silva21regions1.shp" "Hub_Site "Hub_Site" true true false 254 Text 0 0,First,#,silva21regions,Hub_Site,0,254;Acronym "Acronym" true true false 254 Text 0 0,First,#,silva21regions,Acronym,0,254" NO_SOURCE_INFO</Process><Process ToolSource="c:\program files\arcgis\pro\Resources\ArcToolbox\toolboxes\Data Management Tools.tbx\Append" Date="20211104" Time="141936">Append Acadia_Boundary silva21regions1 "Input fields must match target fields" # # #</Process><Process ToolSource="c:\program files\arcgis\pro\Resources\ArcToolbox\toolboxes\Data Management Tools.tbx\Append" Date="20211104" Time="142454">Append NovaScotia_boundary;Newfoundland;Montmorency;MalcolmKnapp_DEM;Estrie_boundary silva21regions1 "Input fields must match target fields" # # #</Process><Process ToolSource="c:\program files\arcgis\pro\Resources\ArcToolbox\toolboxes\Data Management Tools.tbx\Append" Date="20211104" Time="142548">Append NovaScotia_boundary silva21regions1 "Input fields must match target fields" # # #</Process><Process ToolSource="c:\program files\arcgis\pro\Resources\ArcToolbox\toolboxes\Data Management Tools.tbx\Append" Date="20211104" Time="142618">Append NovaScotia_boundary silva21regions1 "Input fields must match target fields" # # #</Process></lineage><LayerFile>{"type":"CIMLayerDocument","version":"2.7.0","build":26828,"layers":["CIMPATH=Map/d7b6fb4c906a4d4897c9fbc48ba16715.xml"],"layerDefinitions":[{"type":"CIMFeatureLayer","name":"silva21regions1","uRI":"CIMPATH=Map/d7b6fb4c906a4d4897c9fbc48ba16715.xml","sourceModifiedTime":{"type":"TimeInstant"},"useSourceMetadata":true,"description":"silva21regions1","layerElevation":{"type":"CIMLayerElevationSurface","mapElevationID":"{7B117301-8FCD-42E0-96B5-F6E9BA19C19A}"},"expanded":true,"layerType":"Operational","showLegends":true,"visibility":true,"displayCacheType":"Permanent","maxDisplayCacheAge":5,"showPopups":true,"serviceLayerID":-1,"refreshRate":-1,"refreshRateUnit":"esriTimeUnitsSeconds","blendingMode":"Alpha","autoGenerateFeatureTemplates":true,"featureTable":{"type":"CIMFeatureTable","displayField":"Hub_Site","editable":true,"dataConnection":{"type":"CIMStandardDataConnection","workspaceConnectionString":"DATABASE=Y:\\ByUser\\Mike_B\\CMIP6 App","workspaceFactory":"Shapefile","dataset":"silva21regions1","datasetType":"esriDTFeatureClass"},"studyAreaSpatialRel":"esriSpatialRelUndefined","searchOrder":"esriSearchOrderSpatial"},"htmlPopupEnabled":true,"htmlPopupFormat":{"type":"CIMHtmlPopupFormat","htmlUseCodedDomainValues":true,"htmlPresentationStyle":"TwoColumnTable"},"isFlattened":true,"selectable":true,"featureCacheType":"Session","displayFiltersType":"ByScale","featureBlendingMode":"Alpha","labelClasses":[{"type":"CIMLabelClass","expression":"[Pro_Name]","expressionEngine":"VBScript","featuresToLabel":"AllVisibleFeatures","maplexLabelPlacementProperties":{"type":"CIMMaplexLabelPlacementProperties","featureType":"Line","avoidPolygonHoles":true,"canOverrunFeature":true,"canPlaceLabelOutsidePolygon":true,"canRemoveOverlappingLabel":true,"canStackLabel":true,"connectionType":"Unambiguous","constrainOffset":"NoConstraint","contourAlignmentType":"Page","contourLadderType":"Straight","contourMaximumAngle":90,"enableConnection":true,"featureWeight":100,"fontHeightReductionLimit":4,"fontHeightReductionStep":0.5,"fontWidthReductionLimit":90,"fontWidthReductionStep":5,"graticuleAlignmentType":"Straight","labelBuffer":15,"labelLargestPolygon":true,"labelPriority":-1,"labelStackingProperties":{"type":"CIMMaplexLabelStackingProperties","stackAlignment":"ChooseBest","maximumNumberOfLines":3,"minimumNumberOfCharsPerLine":3,"maximumNumberOfCharsPerLine":24},"lineFeatureType":"General","linePlacementMethod":"OffsetCurvedFromLine","maximumLabelOverrun":36,"maximumLabelOverrunUnit":"Point","minimumFeatureSizeUnit":"Map","multiPartOption":"OneLabelPerPart","offsetAlongLineProperties":{"type":"CIMMaplexOffsetAlongLineProperties","placementMethod":"BestPositionAlongLine","labelAnchorPoint":"CenterOfLabel","distanceUnit":"Percentage","useLineDirection":true},"pointExternalZonePriorities":{"type":"CIMMaplexExternalZonePriorities","aboveLeft":4,"aboveCenter":2,"aboveRight":1,"centerRight":3,"belowRight":5,"belowCenter":7,"belowLeft":8,"centerLeft":6},"pointPlacementMethod":"AroundPoint","polygonAnchorPointType":"GeometricCenter","polygonBoundaryWeight":200,"polygonExternalZones":{"type":"CIMMaplexExternalZonePriorities","aboveLeft":4,"aboveCenter":2,"aboveRight":1,"centerRight":3,"belowRight":5,"belowCenter":7,"belowLeft":8,"centerLeft":6},"polygonFeatureType":"General","polygonInternalZones":{"type":"CIMMaplexInternalZonePriorities","center":1},"polygonPlacementMethod":"CurvedInPolygon","primaryOffset":1,"primaryOffsetUnit":"Point","removeExtraWhiteSpace":true,"repetitionIntervalUnit":"Map","rotationProperties":{"type":"CIMMaplexRotationProperties","rotationType":"Arithmetic","alignmentType":"Straight"},"secondaryOffset":100,"strategyPriorities":{"type":"CIMMaplexStrategyPriorities","stacking":1,"overrun":2,"fontCompression":3,"fontReduction":4,"abbreviation":5},"thinningDistanceUnit":"Map","truncationMarkerCharacter":".","truncationMinimumLength":1,"truncationPreferredCharacters":"aeiou","polygonAnchorPointPerimeterInsetUnit":"Point"},"name":"Default","priority":1,"standardLabelPlacementProperties":{"type":"CIMStandardLabelPlacementProperties","featureType":"Line","featureWeight":"None","labelWeight":"High","numLabelsOption":"OneLabelPerPart","lineLabelPosition":{"type":"CIMStandardLineLabelPosition","above":true,"inLine":true,"parallel":true},"lineLabelPriorities":{"type":"CIMStandardLineLabelPriorities","aboveStart":3,"aboveAlong":3,"aboveEnd":3,"centerStart":3,"centerAlong":3,"centerEnd":3,"belowStart":3,"belowAlong":3,"belowEnd":3},"pointPlacementMethod":"AroundPoint","pointPlacementPriorities":{"type":"CIMStandardPointPlacementPriorities","aboveLeft":2,"aboveCenter":2,"aboveRight":1,"centerLeft":3,"centerRight":2,"belowLeft":3,"belowCenter":3,"belowRight":2},"rotationType":"Arithmetic","polygonPlacementMethod":"AlwaysHorizontal"},"textSymbol":{"type":"CIMSymbolReference","symbol":{"type":"CIMTextSymbol","blockProgression":"TTB","compatibilityMode":true,"depth3D":1,"drawSoftHyphen":true,"extrapolateBaselines":true,"flipAngle":90,"fontEffects":"Normal","fontEncoding":"Unicode","fontFamilyName":"Arial","fontStyleName":"Regular","fontType":"Unspecified","haloSize":1,"height":8,"hinting":"Default","horizontalAlignment":"Center","kerning":true,"letterWidth":100,"ligatures":true,"lineGapType":"ExtraLeading","shadowColor":{"type":"CIMRGBColor","values":[0,0,0,100]},"symbol":{"type":"CIMPolygonSymbol","symbolLayers":[{"type":"CIMSolidFill","enable":true,"color":{"type":"CIMRGBColor","values":[0,0,0,100]}}]},"textCase":"Normal","textDirection":"LTR","verticalAlignment":"Bottom","verticalGlyphOrientation":"Right","wordSpacing":100,"billboardMode3D":"FaceNearPlane"}},"useCodedValue":true,"visibility":true,"iD":-1}],"renderer":{"type":"CIMSimpleRenderer","patch":"Default","symbol":{"type":"CIMSymbolReference","symbol":{"type":"CIMPolygonSymbol","symbolLayers":[{"type":"CIMSolidStroke","enable":true,"capStyle":"Round","joinStyle":"Round","lineStyle3D":"Strip","miterLimit":10,"width":2,"color":{"type":"CIMRGBColor","values":[0,0,0,100]}},{"type":"CIMSolidFill","enable":true,"color":{"type":"CIMRGBColor","values":[255,0,0,0]}}]}}},"scaleSymbols":true,"snappable":true}]}</LayerFile></DataProperties><SyncDate>20210915</SyncDate><SyncTime>11173900</SyncTime><ModDate>20210915</ModDate><ModTime>11173900</ModTime></Esri><dataIdInfo><envirDesc Sync="TRUE">Microsoft Windows 10 Version 10.0 (Build 19042) ; Esri ArcGIS 12.7.0.26828</envirDesc><dataLang><languageCode value="eng" Sync="TRUE"></languageCode><countryCode value="CAN" Sync="TRUE"></countryCode></dataLang><idCitation><resTitle Sync="TRUE">silva21regions1</resTitle><presForm><PresFormCd value="005" Sync="TRUE"></PresFormCd></presForm></idCitation><spatRpType><SpatRepTypCd value="001" Sync="TRUE"></SpatRepTypCd></spatRpType></dataIdInfo><mdLang><languageCode value="eng" Sync="TRUE"></languageCode><countryCode value="CAN" Sync="TRUE"></countryCode></mdLang><distInfo><distFormat><formatName Sync="TRUE">Shapefile</formatName></distFormat><distTranOps><transSize Sync="TRUE">0.000</transSize></distTranOps></distInfo><mdHrLv><ScopeCd value="005" Sync="TRUE"></ScopeCd></mdHrLv><mdHrLvName Sync="TRUE">dataset</mdHrLvName><refSysInfo><RefSystem><refSysID><identCode code="3857" Sync="TRUE"></identCode><idCodeSpace Sync="TRUE">EPSG</idCodeSpace><idVersion Sync="TRUE">6.18.3(9.3.1.2)</idVersion></refSysID></RefSystem></refSysInfo><spatRepInfo><VectSpatRep><geometObjs Name="silva21regions1"><geoObjTyp><GeoObjTypCd value="002" Sync="TRUE"></GeoObjTypCd></geoObjTyp><geoObjCnt Sync="TRUE">0</geoObjCnt></geometObjs><topLvl><TopoLevCd value="001" Sync="TRUE"></TopoLevCd></topLvl></VectSpatRep></spatRepInfo><spdoinfo><ptvctinf><esriterm Name="silva21regions1"><efeatyp Sync="TRUE">Simple</efeatyp><efeageom code="4" Sync="TRUE"></efeageom><esritopo Sync="TRUE">FALSE</esritopo><efeacnt Sync="TRUE">0</efeacnt><spindex Sync="TRUE">FALSE</spindex><linrefer Sync="TRUE">FALSE</linrefer></esriterm></ptvctinf></spdoinfo><eainfo><detailed Name="silva21regions1"><enttyp><enttypl Sync="TRUE">silva21regions1</enttypl><enttypt Sync="TRUE">Feature Class</enttypt><enttypc Sync="TRUE">0</enttypc></enttyp><attr><attrlabl Sync="TRUE">FID</attrlabl><attalias Sync="TRUE">FID</attalias><attrtype Sync="TRUE">OID</attrtype><attwidth Sync="TRUE">4</attwidth><atprecis Sync="TRUE">0</atprecis><attscale Sync="TRUE">0</attscale><attrdef Sync="TRUE">Internal feature number.</attrdef><attrdefs Sync="TRUE">Esri</attrdefs><attrdomv><udom Sync="TRUE">Sequential unique whole numbers that are automatically generated.</udom></attrdomv></attr><attr><attrlabl Sync="TRUE">Shape</attrlabl><attalias Sync="TRUE">Shape</attalias><attrtype Sync="TRUE">Geometry</attrtype><attwidth Sync="TRUE">0</attwidth><atprecis Sync="TRUE">0</atprecis><attscale Sync="TRUE">0</attscale><attrdef Sync="TRUE">Feature geometry.</attrdef><attrdefs Sync="TRUE">Esri</attrdefs><attrdomv><udom Sync="TRUE">Coordinates defining the features.</udom></attrdomv></attr><attr><attrlabl Sync="TRUE">Hub_Site</attrlabl><attalias Sync="TRUE">Hub_Site</attalias><attrtype Sync="TRUE">String</attrtype><attwidth Sync="TRUE">254</attwidth><atprecis Sync="TRUE">0</atprecis><attscale Sync="TRUE">0</attscale></attr><attr><attrlabl Sync="TRUE">Acronym</attrlabl><attalias Sync="TRUE">Acronym</attalias><attrtype Sync="TRUE">String</attrtype><attwidth Sync="TRUE">254</attwidth><atprecis Sync="TRUE">0</atprecis><attscale Sync="TRUE">0</attscale></attr></detailed></eainfo><mdDateSt Sync="TRUE">20210915</mdDateSt><mdChar><CharSetCd value="004" Sync="TRUE"></CharSetCd></mdChar></metadata>
